marker_id,combined_mutations,paper_id,effect_name,subtype,journal,doi,pdf_url
22,"NS-1:I106M, NS-1:L103F","Kuo R. et al., 2009",Increased virulence in mice,H5N1,Journal of Virology,10.1128/jvi.01491-08,
22,"NS-1:I106M, NS-1:L103F","Spesock A. et al., 2011",Increased virulence in mice,H5N1,Journal of Virology,10.1128/jvi.00417-11,
22,"NS-1:I106M, NS-1:L103F","Suttie A. et al., 2019",Increased virulence in mice,H5N1,Virus Genes,10.1007/s11262-019-01700-z,
23,"NS-1:N205S, NS-2:T48A","Imai H. et al., 2010",Decreased antiviral response in ferrets,H5N1,PLoS Pathogens,10.1371/journal.ppat.1001106,
23,"NS-1:N205S, NS-2:T48A","Suttie A. et al., 2019",Decreased antiviral response in ferrets,H5N1,Virus Genes,10.1007/s11262-019-01700-z,
24,"NS-1:G210R, NS-2:M51I","Imai H. et al., 2010",Decreased antiviral response in ferrets,H5N1,PLoS Pathogens,10.1371/journal.ppat.1001106,
24,"NS-1:G210R, NS-2:M51I","Suttie A. et al., 2019",Decreased antiviral response in ferrets,H5N1,Virus Genes,10.1007/s11262-019-01700-z,
25,"NS-1:D74N, NS-1:P3S, NS-1:R41K","Kanrai P. et al., 2016",Enhanced replication in mammalian cells,H7N1 backbone with H5N1 NS,Journal of General Virology,10.1099/jgv.0.000542,
25,"NS-1:D74N, NS-1:P3S, NS-1:R41K","Kanrai P. et al., 2016",Enhanced pathogenicity in mice,H7N1 backbone with H5N1 NS,Journal of General Virology,10.1099/jgv.0.000542,
25,"NS-1:D74N, NS-1:P3S, NS-1:R41K","Suttie A. et al., 2019",Enhanced replication in mammalian cells,H7N1 backbone with H5N1 NS,Virus Genes,10.1007/s11262-019-01700-z,
25,"NS-1:D74N, NS-1:P3S, NS-1:R41K","Suttie A. et al., 2019",Enhanced pathogenicity in mice,H7N1 backbone with H5N1 NS,Virus Genes,10.1007/s11262-019-01700-z,
26,"NS-1:K41A, NS-1:R38A","Trapp S. et al., 2018",Decreased replication in mammalian cells,H7N1,Virology Journal,10.1186/s12985-018-0960-4,
26,"NS-1:K41A, NS-1:R38A","Trapp S. et al., 2018",Decreased replication in avian cells,H7N1,Virology Journal,10.1186/s12985-018-0960-4,
26,"NS-1:K41A, NS-1:R38A","Suttie A. et al., 2019",Decreased replication in mammalian cells,H7N1,Virus Genes,10.1007/s11262-019-01700-z,
26,"NS-1:K41A, NS-1:R38A","Suttie A. et al., 2019",Decreased replication in avian cells,H7N1,Virus Genes,10.1007/s11262-019-01700-z,
27,"NS-1:C138F, NS-1:K55E, NS-1:K66E","Li J. et al., 2018",Enhanced replication in mammalian cells,H5N1,Virology,10.1016/j.virol.2018.04.004,
27,"NS-1:C138F, NS-1:K55E, NS-1:K66E","Li J. et al., 2018",Decreased interferon response,H5N1,Virology,10.1016/j.virol.2018.04.004,
27,"NS-1:C138F, NS-1:K55E, NS-1:K66E","Suttie A. et al., 2019",Enhanced replication in mammalian cells,H5N1,Virus Genes,10.1007/s11262-019-01700-z,
27,"NS-1:C138F, NS-1:K55E, NS-1:K66E","Suttie A. et al., 2019",Decreased interferon response,H5N1,Virus Genes,10.1007/s11262-019-01700-z,
29,"NS-2:E75G, NS-2:M16I, NS-2:Y41C","Reuther P. et al., 2014",Increased polymerase activity in mammalian cells,H5N1,Journal of Virology,10.1128/jvi.01495-13,
29,"NS-2:E75G, NS-2:M16I, NS-2:Y41C","Suttie A. et al., 2019",Increased polymerase activity in mammalian cells,H5N1,Virus Genes,10.1007/s11262-019-01700-z,
42,"NP:Q357L, PB2:E627K","Kim J. et al., 2010",Increased virulence in mice,H5N1,Journal of General Virology,10.1099/vir.0.018143-0,
42,"NP:Q357L, PB2:E627K","Suttie A. et al., 2019",Increased virulence in mice,H5N1,Virus Genes,10.1007/s11262-019-01700-z,
83,"PB2:A274T, PB2:I553V, PB2:K526R, PB2:L607V, PB2:M28I","Leung B. et al., 2010",Decreased polymerase activity in mammalian cells,H5N1,Virology,10.1016/j.virol.2010.01.036,
83,"PB2:A274T, PB2:I553V, PB2:K526R, PB2:L607V, PB2:M28I","Suttie A. et al., 2019",Decreased polymerase activity in mammalian cells,H5N1,Virus Genes,10.1007/s11262-019-01700-z,
84,"PB2:G309D, PB2:L89V","Li J. et al., 2009",Increased polymerase activity in mammalian cells,H5N1,Virus Research,10.1016/j.virusres.2009.04.008,
84,"PB2:G309D, PB2:L89V","Li J. et al., 2009",Increased virulence in mice,H5N1,Virus Research,10.1016/j.virusres.2009.04.008,
84,"PB2:G309D, PB2:L89V","Suttie A. et al., 2019",Increased polymerase activity in mammalian cells,H5N1,Virus Genes,10.1007/s11262-019-01700-z,
84,"PB2:G309D, PB2:L89V","Suttie A. et al., 2019",Increased virulence in mice,H5N1,Virus Genes,10.1007/s11262-019-01700-z,
85,"PB2:A676T, PB2:G309D, PB2:I495V, PB2:K627E, PB2:L89V, PB2:R477G, PB2:T339K","Li J. et al., 2009",Increased polymerase activity in mammalian cells,H5N1,Virus Research,10.1016/j.virusres.2009.04.008,
85,"PB2:A676T, PB2:G309D, PB2:I495V, PB2:K627E, PB2:L89V, PB2:R477G, PB2:T339K","Li J. et al., 2009",Increased virulence in mice,H5N1,Virus Research,10.1016/j.virusres.2009.04.008,
85,"PB2:A676T, PB2:G309D, PB2:I495V, PB2:K627E, PB2:L89V, PB2:R477G, PB2:T339K","Suttie A. et al., 2019",Increased polymerase activity in mammalian cells,H5N1,Virus Genes,10.1007/s11262-019-01700-z,
85,"PB2:A676T, PB2:G309D, PB2:I495V, PB2:K627E, PB2:L89V, PB2:R477G, PB2:T339K","Suttie A. et al., 2019",Increased virulence in mice,H5N1,Virus Genes,10.1007/s11262-019-01700-z,
86,"PB2:E627K, PB2:M147L","Wang J. et al., 2012",Increased polymerase activity in mammalian cells,H9N2,PLoS ONE,10.1371/journal.pone.0040752,
86,"PB2:E627K, PB2:M147L","Wang J. et al., 2012",Increased virulence in mice,H9N2,PLoS ONE,10.1371/journal.pone.0040752,
86,"PB2:E627K, PB2:M147L","Suttie A. et al., 2019",Increased polymerase activity in mammalian cells,H9N2,Virus Genes,10.1007/s11262-019-01700-z,
86,"PB2:E627K, PB2:M147L","Suttie A. et al., 2019",Increased virulence in mice,H9N2,Virus Genes,10.1007/s11262-019-01700-z,
87,"PB2:A588T, PB2:I147T, PB2:K339T","Fan S. et al., 2014",Increased polymerase activity in mammalian cells,H5N1,Nature Communications,10.1038/ncomms6021,
87,"PB2:A588T, PB2:I147T, PB2:K339T","Fan S. et al., 2014",Increased virulence in mice,H5N1,Nature Communications,10.1038/ncomms6021,
87,"PB2:A588T, PB2:I147T, PB2:K339T","Suttie A. et al., 2019",Increased polymerase activity in mammalian cells,H5N1,Virus Genes,10.1007/s11262-019-01700-z,
87,"PB2:A588T, PB2:I147T, PB2:K339T","Suttie A. et al., 2019",Increased virulence in mice,H5N1,Virus Genes,10.1007/s11262-019-01700-z,
88,"PB2:E627K, PB2:K526R","Song W. et al., 2014",Increased polymerase activity in mammalian cells,H5N1,Nature Communications,10.1038/ncomms6509,
88,"PB2:E627K, PB2:K526R","Song W. et al., 2014",Increased polymerase activity in mammalian cells,H7N9,Nature Communications,10.1038/ncomms6509,
88,"PB2:E627K, PB2:K526R","Song W. et al., 2014",Increased replication in mammalian cells,H5N1,Nature Communications,10.1038/ncomms6509,
88,"PB2:E627K, PB2:K526R","Song W. et al., 2014",Increased replication in mammalian cells,H7N9,Nature Communications,10.1038/ncomms6509,
88,"PB2:E627K, PB2:K526R","Song W. et al., 2014",Increased virulence in mice,H5N1,Nature Communications,10.1038/ncomms6509,
88,"PB2:E627K, PB2:K526R","Song W. et al., 2014",Increased virulence in mice,H7N9,Nature Communications,10.1038/ncomms6509,
88,"PB2:E627K, PB2:K526R","Suttie A. et al., 2019",Increased polymerase activity in mammalian cells,H5N1,Virus Genes,10.1007/s11262-019-01700-z,
88,"PB2:E627K, PB2:K526R","Suttie A. et al., 2019",Increased polymerase activity in mammalian cells,H7N9,Virus Genes,10.1007/s11262-019-01700-z,
88,"PB2:E627K, PB2:K526R","Suttie A. et al., 2019",Increased replication in mammalian cells,H5N1,Virus Genes,10.1007/s11262-019-01700-z,
88,"PB2:E627K, PB2:K526R","Suttie A. et al., 2019",Increased replication in mammalian cells,H7N9,Virus Genes,10.1007/s11262-019-01700-z,
88,"PB2:E627K, PB2:K526R","Suttie A. et al., 2019",Increased virulence in mice,H5N1,Virus Genes,10.1007/s11262-019-01700-z,
88,"PB2:E627K, PB2:K526R","Suttie A. et al., 2019",Increased virulence in mice,H7N9,Virus Genes,10.1007/s11262-019-01700-z,
89,"PB2:D701N, PB2:E627K","Zhu W. et al., 2015",Increased polymerase activity in mammalian cells,H7N9,Virology Journal,10.1186/s12985-015-0304-6,
89,"PB2:D701N, PB2:E627K","Suttie A. et al., 2019",Increased polymerase activity in mammalian cells,H7N9,Virus Genes,10.1007/s11262-019-01700-z,
90,"PB2:E627K, PB2:S714R","Sediri H. et al., 2016",Increased polymerase activity in mammalian cells,H7N7,Journal of General Virology,10.1099/jgv.0.000333,
90,"PB2:E627K, PB2:S714R","Sediri H. et al., 2016",Increased polymerase activity in mammalian cells,H7N9,Journal of General Virology,10.1099/jgv.0.000333,
90,"PB2:E627K, PB2:S714R","Sediri H. et al., 2016",Increased polymerase activity in mammalian cells,H9N2,Journal of General Virology,10.1099/jgv.0.000333,
90,"PB2:E627K, PB2:S714R","Suttie A. et al., 2019",Increased polymerase activity in mammalian cells,H7N7,Virus Genes,10.1007/s11262-019-01700-z,
90,"PB2:E627K, PB2:S714R","Suttie A. et al., 2019",Increased polymerase activity in mammalian cells,H7N9,Virus Genes,10.1007/s11262-019-01700-z,
90,"PB2:E627K, PB2:S714R","Suttie A. et al., 2019",Increased polymerase activity in mammalian cells,H9N2,Virus Genes,10.1007/s11262-019-01700-z,
91,"PB2:D701N, PB2:E627K, PB2:S714R","Sediri H. et al., 2016",Increased polymerase activity in mammalian cells,H9N2,Journal of General Virology,10.1099/jgv.0.000333,
91,"PB2:D701N, PB2:E627K, PB2:S714R","Sediri H. et al., 2016",Increased virulence in mice,H9N2,Journal of General Virology,10.1099/jgv.0.000333,
91,"PB2:D701N, PB2:E627K, PB2:S714R","Suttie A. et al., 2019",Increased polymerase activity in mammalian cells,H9N2,Virus Genes,10.1007/s11262-019-01700-z,
91,"PB2:D701N, PB2:E627K, PB2:S714R","Suttie A. et al., 2019",Increased virulence in mice,H9N2,Virus Genes,10.1007/s11262-019-01700-z,
92,"PB2:D701N, PB2:S714R","Czudai-Matwich V. et al., 2014",Increased replication in mammalian cells,H5N1,Journal of Virology,10.1128/jvi.00422-14,
92,"PB2:D701N, PB2:S714R","Czudai-Matwich V. et al., 2014",Increased virulence in mice,H5N1,Journal of Virology,10.1128/jvi.00422-14,
92,"PB2:D701N, PB2:S714R","Suttie A. et al., 2019",Increased replication in mammalian cells,H5N1,Virus Genes,10.1007/s11262-019-01700-z,
92,"PB2:D701N, PB2:S714R","Suttie A. et al., 2019",Increased virulence in mice,H5N1,Virus Genes,10.1007/s11262-019-01700-z,
92,"PB2:D701N, PB2:S714R","Sediri H. et al., 2016",Increased polymerase activity in mammalian cells,H7N7,Journal of General Virology,10.1099/jgv.0.000333,
92,"PB2:D701N, PB2:S714R","Sediri H. et al., 2016",Increased polymerase activity in mammalian cells,H7N9,Journal of General Virology,10.1099/jgv.0.000333,
92,"PB2:D701N, PB2:S714R","Sediri H. et al., 2016",Increased polymerase activity in mammalian cells,H9N2,Journal of General Virology,10.1099/jgv.0.000333,
92,"PB2:D701N, PB2:S714R","Suttie A. et al., 2019",Increased polymerase activity in mammalian cells,H7N7,Virus Genes,10.1007/s11262-019-01700-z,
92,"PB2:D701N, PB2:S714R","Suttie A. et al., 2019",Increased polymerase activity in mammalian cells,H7N9,Virus Genes,10.1007/s11262-019-01700-z,
92,"PB2:D701N, PB2:S714R","Suttie A. et al., 2019",Increased polymerase activity in mammalian cells,H9N2,Virus Genes,10.1007/s11262-019-01700-z,
104,"PB1:N328K, PB1:N375S, PB1:V3A","Salomon R. et al., 2006",Decreased replication in ferrets,H5N1,Journal of Experimental Medicine,10.1084/jem.20051938,
104,"PB1:N328K, PB1:N375S, PB1:V3A","Salomon R. et al., 2006",Decreased virulence in ferrets,H5N1,Journal of Experimental Medicine,10.1084/jem.20051938,
104,"PB1:N328K, PB1:N375S, PB1:V3A","Suttie A. et al., 2019",Decreased replication in ferrets,H5N1,Virus Genes,10.1007/s11262-019-01700-z,
104,"PB1:N328K, PB1:N375S, PB1:V3A","Suttie A. et al., 2019",Decreased virulence in ferrets,H5N1,Virus Genes,10.1007/s11262-019-01700-z,
105,"PB1:P598L, PB1:V473L","Xu C. et al., 2012",Decreased polymerase activity in mammalian cells,"H1N1 backbone with H5N1 PB2, PB1, PA and NP",Journal of General Virology,10.1099/vir.0.036434-0,
105,"PB1:P598L, PB1:V473L","Xu C. et al., 2012",Decreased replication in mammalian cells,"H1N1 backbone with H5N1 PB2, PB1, PA and NP",Journal of General Virology,10.1099/vir.0.036434-0,
105,"PB1:P598L, PB1:V473L","Suttie A. et al., 2019",Decreased polymerase activity in mammalian cells,"H1N1 backbone with H5N1 PB2, PB1, PA and NP",Virus Genes,10.1007/s11262-019-01700-z,
105,"PB1:P598L, PB1:V473L","Suttie A. et al., 2019",Decreased replication in mammalian cells,"H1N1 backbone with H5N1 PB2, PB1, PA and NP",Virus Genes,10.1007/s11262-019-01700-z,
107,"PB1-F2:E87G, PB1-F2:T51M, PB1-F2:V56A","Marjuki H. et al., 2010",Decreased polymerase activity in ducks,H5N1,Archives of Virology,10.1007/s00705-010-0666-4,
107,"PB1-F2:E87G, PB1-F2:T51M, PB1-F2:V56A","Marjuki H. et al., 2010",Decreased replication in ducks,H5N1,Archives of Virology,10.1007/s00705-010-0666-4,
107,"PB1-F2:E87G, PB1-F2:T51M, PB1-F2:V56A","Marjuki H. et al., 2010",Decreased virulence in ducks,H5N1,Archives of Virology,10.1007/s00705-010-0666-4,
107,"PB1-F2:E87G, PB1-F2:T51M, PB1-F2:V56A","Suttie A. et al., 2019",Decreased polymerase activity in ducks,H5N1,Virus Genes,10.1007/s11262-019-01700-z,
107,"PB1-F2:E87G, PB1-F2:T51M, PB1-F2:V56A","Suttie A. et al., 2019",Decreased replication in ducks,H5N1,Virus Genes,10.1007/s11262-019-01700-z,
107,"PB1-F2:E87G, PB1-F2:T51M, PB1-F2:V56A","Suttie A. et al., 2019",Decreased virulence in ducks,H5N1,Virus Genes,10.1007/s11262-019-01700-z,
115,"PA:K142E, PB2:E627K","Kim J. et al., 2010",Increased virulence in mice,H5N1,Journal of General Virology,10.1099/vir.0.018143-0,
115,"PA:K142E, PB2:E627K","Suttie A. et al., 2019",Increased virulence in mice,H5N1,Virus Genes,10.1007/s11262-019-01700-z,
127,"PA:A343S, PA:D347E","Zhong G. et al., 2018",Increased polymerase activity in mammalian cells,H5N1,Journal of Virology,10.1128/jvi.01557-17,
127,"PA:A343S, PA:D347E","Zhong G. et al., 2018",Increased virulence in mice,H5N1,Journal of Virology,10.1128/jvi.01557-17,
127,"PA:A343S, PA:D347E","Suttie A. et al., 2019",Increased polymerase activity in mammalian cells,H5N1,Virus Genes,10.1007/s11262-019-01700-z,
127,"PA:A343S, PA:D347E","Suttie A. et al., 2019",Increased virulence in mice,H5N1,Virus Genes,10.1007/s11262-019-01700-z,
128,"PA:P103H, PA:S659L","Gao P. et al., 2018",Decreased polymerase activity in mammalian cells,H7N7,Journal of Infection,10.1016/j.jinf.2018.07.005,
128,"PA:P103H, PA:S659L","Gao P. et al., 2018",Decreased virulence in mice,H7N7,Journal of Infection,10.1016/j.jinf.2018.07.005,
128,"PA:P103H, PA:S659L","Suttie A. et al., 2019",Decreased polymerase activity in mammalian cells,H7N7,Virus Genes,10.1007/s11262-019-01700-z,
128,"PA:P103H, PA:S659L","Suttie A. et al., 2019",Decreased virulence in mice,H7N7,Virus Genes,10.1007/s11262-019-01700-z,
129,"PA:N383D, PA:S224P","Xiao C. et al., 2016",Enhanced replication in duck cells,H5N1,Scientific Reports,10.1038/srep19474,
129,"PA:N383D, PA:S224P","Xiao C. et al., 2016",Increased polymerase activity in duck cells,H5N1,Scientific Reports,10.1038/srep19474,
129,"PA:N383D, PA:S224P","Xiao C. et al., 2016",Increased polymerase activity in mice cells,H5N1,Scientific Reports,10.1038/srep19474,
129,"PA:N383D, PA:S224P","Xiao C. et al., 2016",Enhanced replication in mice cells,H5N1,Scientific Reports,10.1038/srep19474,
129,"PA:N383D, PA:S224P","Xiao C. et al., 2016",Increased virulence in ducks,H5N1,Scientific Reports,10.1038/srep19474,
129,"PA:N383D, PA:S224P","Xiao C. et al., 2016",Increased virulence in mice,H5N1,Scientific Reports,10.1038/srep19474,
129,"PA:N383D, PA:S224P","Leung B. et al., 2010",Enhanced replication in duck cells,H5N1,Virology,10.1016/j.virol.2010.01.036,
129,"PA:N383D, PA:S224P","Leung B. et al., 2010",Increased polymerase activity in duck cells,H5N1,Virology,10.1016/j.virol.2010.01.036,
129,"PA:N383D, PA:S224P","Leung B. et al., 2010",Increased polymerase activity in mice cells,H5N1,Virology,10.1016/j.virol.2010.01.036,
129,"PA:N383D, PA:S224P","Leung B. et al., 2010",Enhanced replication in mice cells,H5N1,Virology,10.1016/j.virol.2010.01.036,
129,"PA:N383D, PA:S224P","Leung B. et al., 2010",Increased virulence in ducks,H5N1,Virology,10.1016/j.virol.2010.01.036,
129,"PA:N383D, PA:S224P","Leung B. et al., 2010",Increased virulence in mice,H5N1,Virology,10.1016/j.virol.2010.01.036,
129,"PA:N383D, PA:S224P","Suttie A. et al., 2019",Enhanced replication in duck cells,H5N1,Virus Genes,10.1007/s11262-019-01700-z,
129,"PA:N383D, PA:S224P","Suttie A. et al., 2019",Increased polymerase activity in duck cells,H5N1,Virus Genes,10.1007/s11262-019-01700-z,
129,"PA:N383D, PA:S224P","Suttie A. et al., 2019",Increased polymerase activity in mice cells,H5N1,Virus Genes,10.1007/s11262-019-01700-z,
129,"PA:N383D, PA:S224P","Suttie A. et al., 2019",Enhanced replication in mice cells,H5N1,Virus Genes,10.1007/s11262-019-01700-z,
129,"PA:N383D, PA:S224P","Suttie A. et al., 2019",Increased virulence in ducks,H5N1,Virus Genes,10.1007/s11262-019-01700-z,
129,"PA:N383D, PA:S224P","Suttie A. et al., 2019",Increased virulence in mice,H5N1,Virus Genes,10.1007/s11262-019-01700-z,
130,"PA:I147V, PA:I171V, PA:K142R, PA:M182L","Schmolke M. et al., 2011",Increased polymerase activity in mammalian cells,H7N9,PLoS Pathogens,10.1371/journal.ppat.1002186,
130,"PA:I147V, PA:I171V, PA:K142R, PA:M182L","Suttie A. et al., 2019",Increased polymerase activity in mammalian cells,H7N9,Virus Genes,10.1007/s11262-019-01700-z,
131,"PA:A343T, PA:C241Y, PA:I573V, PA:V127A, PA:V44I","Yamaji R. et al., 2015",Increased polymerase activity in mammalian cells,H5N1,Journal of Virology,10.1128/jvi.03532-14,
131,"PA:A343T, PA:C241Y, PA:I573V, PA:V127A, PA:V44I","Yamaji R. et al., 2015",Increased virulence in mice,H5N1,Journal of Virology,10.1128/jvi.03532-14,
131,"PA:A343T, PA:C241Y, PA:I573V, PA:V127A, PA:V44I","Suttie A. et al., 2019",Increased polymerase activity in mammalian cells,H5N1,Virus Genes,10.1007/s11262-019-01700-z,
131,"PA:A343T, PA:C241Y, PA:I573V, PA:V127A, PA:V44I","Suttie A. et al., 2019",Increased virulence in mice,H5N1,Virus Genes,10.1007/s11262-019-01700-z,
132,"PA:H266R, PA:I357K, PA:S149P, PA:S515T","Leung B. et al., 2010",Increased polymerase activity in mammalian cells,H5N1,Virology,10.1016/j.virol.2010.01.036,
132,"PA:H266R, PA:I357K, PA:S149P, PA:S515T","Suttie A. et al., 2019",Increased polymerase activity in mammalian cells,H5N1,Virus Genes,10.1007/s11262-019-01700-z,
133,"PA:K356R, PB2:E627K","Xu G. et al., 2016",Increased polymerase activity in mammalian cells,H9N2,Journal of Virology,10.1128/jvi.00883-16,
133,"PA:K356R, PB2:E627K","Xu G. et al., 2016",Enhanced replication in mammalian cells,H9N2,Journal of Virology,10.1128/jvi.00883-16,
133,"PA:K356R, PB2:E627K","Xu G. et al., 2016",Increased virulence in mice,H9N2,Journal of Virology,10.1128/jvi.00883-16,
133,"PA:K356R, PB2:E627K","Suttie A. et al., 2019",Increased polymerase activity in mammalian cells,H9N2,Virus Genes,10.1007/s11262-019-01700-z,
133,"PA:K356R, PB2:E627K","Suttie A. et al., 2019",Enhanced replication in mammalian cells,H9N2,Virus Genes,10.1007/s11262-019-01700-z,
133,"PA:K356R, PB2:E627K","Suttie A. et al., 2019",Increased virulence in mice,H9N2,Virus Genes,10.1007/s11262-019-01700-z,
179,"HA1-5:E75K, HA1-5:S123P","Yamada S. et al., 2006",Increased virus binding to α2-6,H5N1,Nature,10.1038/nature05264,
179,"HA1-5:E75K, HA1-5:S123P","Suttie A. et al., 2019",Increased virus binding to α2-6,H5N1,Virus Genes,10.1007/s11262-019-01700-z,
180,"HA1-5:E75K, HA1-5:S123P, HA2-5:R167K","Yamada S. et al., 2006",Increased virus binding to α2-6,H5N1,Nature,10.1038/nature05264,
180,"HA1-5:E75K, HA1-5:S123P, HA2-5:R167K","Suttie A. et al., 2019",Increased virus binding to α2-6,H5N1,Virus Genes,10.1007/s11262-019-01700-z,
181,"HA1-5:E75K, HA1-5:N193K, HA1-5:S123P, HA2-5:R167K","Yamada S. et al., 2006",Increased virus binding to α2-6,H5N1,Nature,10.1038/nature05264,
181,"HA1-5:E75K, HA1-5:N193K, HA1-5:S123P, HA2-5:R167K","Suttie A. et al., 2019",Increased virus binding to α2-6,H5N1,Virus Genes,10.1007/s11262-019-01700-z,
182,"HA1-5:E75K, HA1-5:N193K","Yamada S. et al., 2006",Increased virus binding to α2-6,H5N1,Nature,10.1038/nature05264,
182,"HA1-5:E75K, HA1-5:N193K","Suttie A. et al., 2019",Increased virus binding to α2-6,H5N1,Virus Genes,10.1007/s11262-019-01700-z,
183,"HA1-5:E75K, HA1-5:N193K, HA2-5:R167K","Yamada S. et al., 2006",Increased virus binding to α2-6,H5N1,Nature,10.1038/nature05264,
183,"HA1-5:E75K, HA1-5:N193K, HA2-5:R167K","Suttie A. et al., 2019",Increased virus binding to α2-6,H5N1,Virus Genes,10.1007/s11262-019-01700-z,
184,"HA1-5:E75K, HA2-5:R167K","Yamada S. et al., 2006",Increased virus binding to α2-6,H5N1,Nature,10.1038/nature05264,
184,"HA1-5:E75K, HA2-5:R167K","Suttie A. et al., 2019",Increased virus binding to α2-6,H5N1,Virus Genes,10.1007/s11262-019-01700-z,
185,"HA1-5:G224S, HA1-5:H103Y, HA1-5:Q222L, HA1-5:T156A, PB1:H99Y, PB2:E627K","Herfst S. et al., 2012",Transmitted via aerosol among ferrets,H5N1,Science,10.1126/science.1213362,
185,"HA1-5:G224S, HA1-5:H103Y, HA1-5:Q222L, HA1-5:T156A, PB1:H99Y, PB2:E627K","Linster M. et al., 2014",Transmitted via aerosol among ferrets,H5N1,Cell,10.1016/j.cell.2014.02.040,
185,"HA1-5:G224S, HA1-5:H103Y, HA1-5:Q222L, HA1-5:T156A, PB1:H99Y, PB2:E627K","Suttie A. et al., 2019",Transmitted via aerosol among ferrets,H5N1,Virus Genes,10.1007/s11262-019-01700-z,
186,"HA1-5:S107R, HA1-5:T108I","Wessels U. et al., 2018",Increased virulence in chickens,H5N1,Journal of Virology,10.1128/jvi.00778-18,
186,"HA1-5:S107R, HA1-5:T108I","Wessels U. et al., 2018",Increased virulence in mice,H5N1,Journal of Virology,10.1128/jvi.00778-18,
186,"HA1-5:S107R, HA1-5:T108I","Wessels U. et al., 2018",Increased pH of fusion,H5N1,Journal of Virology,10.1128/jvi.00778-18,
186,"HA1-5:S107R, HA1-5:T108I","Suttie A. et al., 2019",Increased virulence in chickens,H5N1,Virus Genes,10.1007/s11262-019-01700-z,
186,"HA1-5:S107R, HA1-5:T108I","Suttie A. et al., 2019",Increased virulence in mice,H5N1,Virus Genes,10.1007/s11262-019-01700-z,
186,"HA1-5:S107R, HA1-5:T108I","Suttie A. et al., 2019",Increased pH of fusion,H5N1,Virus Genes,10.1007/s11262-019-01700-z,
187,"HA1-5:N193K, HA1-5:S123P","Yamada S. et al., 2006",Increased virus binding to α2-6,H5N1,Nature,10.1038/nature05264,
187,"HA1-5:N193K, HA1-5:S123P","Suttie A. et al., 2019",Increased virus binding to α2-6,H5N1,Virus Genes,10.1007/s11262-019-01700-z,
188,"HA1-5:N193K, HA1-5:S123P, HA2-5:R167K","Yamada S. et al., 2006",Increased virus binding to α2-6,H5N1,Nature,10.1038/nature05264,
188,"HA1-5:N193K, HA1-5:S123P, HA2-5:R167K","Suttie A. et al., 2019",Increased virus binding to α2-6,H5N1,Virus Genes,10.1007/s11262-019-01700-z,
189,"HA1-5:S133A, HA1-5:T188I","Yang Z. et al., 2007",Increased pseudovirus binding to α2-6,H5N1,Science,10.1126/science.1135165,
189,"HA1-5:S133A, HA1-5:T188I","Suttie A. et al., 2019",Increased pseudovirus binding to α2-6,H5N1,Virus Genes,10.1007/s11262-019-01700-z,
190,"HA1-5:G139R, HA1-5:N182K","Chutinimitkul S. et al., 2010",Decreased virus binding to α2-3,H5N1,Journal of Virology,10.1128/jvi.02737-09,
190,"HA1-5:G139R, HA1-5:N182K","Chutinimitkul S. et al., 2010",Increased virus binding to α2-6,H5N1,Journal of Virology,10.1128/jvi.02737-09,
190,"HA1-5:G139R, HA1-5:N182K","Yamada S. et al., 2006",Decreased virus binding to α2-3,H5N1,Nature,10.1038/nature05264,
190,"HA1-5:G139R, HA1-5:N182K","Yamada S. et al., 2006",Increased virus binding to α2-6,H5N1,Nature,10.1038/nature05264,
190,"HA1-5:G139R, HA1-5:N182K","Suttie A. et al., 2019",Decreased virus binding to α2-3,H5N1,Virus Genes,10.1007/s11262-019-01700-z,
190,"HA1-5:G139R, HA1-5:N182K","Suttie A. et al., 2019",Increased virus binding to α2-6,H5N1,Virus Genes,10.1007/s11262-019-01700-z,
191,"HA1-5:N154D, HA1-5:N220K, HA1-5:Q222L, HA1-5:T315I","Imai M. et al., 2012",Transmissible among ferrets,H5N1,Nature,10.1038/NATURE10831,
191,"HA1-5:N154D, HA1-5:N220K, HA1-5:Q222L, HA1-5:T315I","Suttie A. et al., 2019",Transmissible among ferrets,H5N1,Virus Genes,10.1007/s11262-019-01700-z,
192,"HA1-5:N154S, HA1-5:Q222L","Ilyushina N. et al., 2008",Increased virus binding to α2-6,H5N1,PLoS Pathogens,10.1371/journal.ppat.1000043,
192,"HA1-5:N154S, HA1-5:Q222L","Suttie A. et al., 2019",Increased virus binding to α2-6,H5N1,Virus Genes,10.1007/s11262-019-01700-z,
193,"HA1-5:N154S, HA1-5:N244D, HA1-5:Q222L","Ilyushina N. et al., 2008",Increased virus binding to α2-6,H5N1,PLoS Pathogens,10.1371/journal.ppat.1000043,
193,"HA1-5:N154S, HA1-5:N244D, HA1-5:Q222L","Suttie A. et al., 2019",Increased virus binding to α2-6,H5N1,Virus Genes,10.1007/s11262-019-01700-z,
194,"HA1-5:S155N, HA1-5:T156A","Wang W. et al., 2010",Increased virus binding to α2-6,H5N1,Journal of Virology,10.1128/jvi.00221-10,
194,"HA1-5:S155N, HA1-5:T156A","Wang F. et al., 2015",Increased virus binding to α2-6,H5N1,The EMBO Journal,10.15252/embj.201590960,
194,"HA1-5:S155N, HA1-5:T156A","Suttie A. et al., 2019",Increased virus binding to α2-6,H5N1,Virus Genes,10.1007/s11262-019-01700-z,
195,"HA1-5:S155N, HA1-5:S223N, HA1-5:T156A","Yen H. et al., 2009",Increased virus binding to α2-6,H5N1,Proceedings of the National Academy of Sciences of the United States of America,10.1073/pnas.0811052106,
195,"HA1-5:S155N, HA1-5:S223N, HA1-5:T156A","Yen H. et al., 2009",Reduced lethality in mice,H5N1,Proceedings of the National Academy of Sciences of the United States of America,10.1073/pnas.0811052106,
195,"HA1-5:S155N, HA1-5:S223N, HA1-5:T156A","Yen H. et al., 2009",Systemic spread in mice,H5N1,Proceedings of the National Academy of Sciences of the United States of America,10.1073/pnas.0811052106,
195,"HA1-5:S155N, HA1-5:S223N, HA1-5:T156A","Suttie A. et al., 2019",Increased virus binding to α2-6,H5N1,Virus Genes,10.1007/s11262-019-01700-z,
195,"HA1-5:S155N, HA1-5:S223N, HA1-5:T156A","Suttie A. et al., 2019",Reduced lethality in mice,H5N1,Virus Genes,10.1007/s11262-019-01700-z,
195,"HA1-5:S155N, HA1-5:S223N, HA1-5:T156A","Suttie A. et al., 2019",Systemic spread in mice,H5N1,Virus Genes,10.1007/s11262-019-01700-z,
196,"HA1-5:K189T, HA1-5:N220K, HA1-5:Q222L, HA1-5:T156A","Peng W. et al., 2018",Increased virus binding to α2-6,H5N1,Journal of Virology,10.1128/jvi.02016-17,
196,"HA1-5:K189T, HA1-5:N220K, HA1-5:Q222L, HA1-5:T156A","Suttie A. et al., 2019",Increased virus binding to α2-6,H5N1,Virus Genes,10.1007/s11262-019-01700-z,
197,"HA1-5:Q222L, HA1-5:T156A","Wang W. et al., 2010",Increased virus binding to α2-6,H5N1,Journal of Virology,10.1128/jvi.00221-10,
197,"HA1-5:Q222L, HA1-5:T156A","Wang F. et al., 2015",Increased virus binding to α2-6,H5N1,The EMBO Journal,10.15252/embj.201590960,
197,"HA1-5:Q222L, HA1-5:T156A","Suttie A. et al., 2019",Increased virus binding to α2-6,H5N1,Virus Genes,10.1007/s11262-019-01700-z,
198,"HA1-5:G224S, HA1-5:Q222L, HA1-5:T156A","Wang W. et al., 2010",Increased virus binding to α2-6,H5N1,Journal of Virology,10.1128/jvi.00221-10,
198,"HA1-5:G224S, HA1-5:Q222L, HA1-5:T156A","Wang F. et al., 2015",Increased virus binding to α2-6,H5N1,The EMBO Journal,10.15252/embj.201590960,
198,"HA1-5:G224S, HA1-5:Q222L, HA1-5:T156A","Stevens J. et al., 2008",Increased virus binding to α2-6,H5N1,Journal of Molecular Biology,10.1016/j.jmb.2008.04.016,
198,"HA1-5:G224S, HA1-5:Q222L, HA1-5:T156A","Suttie A. et al., 2019",Increased virus binding to α2-6,H5N1,Virus Genes,10.1007/s11262-019-01700-z,
199,"HA1-5:S223N, HA1-5:T156A","Wang W. et al., 2010",Increased virus binding to α2-6,H5N1,Journal of Virology,10.1128/jvi.00221-10,
199,"HA1-5:S223N, HA1-5:T156A","Wang F. et al., 2015",Increased virus binding to α2-6,H5N1,The EMBO Journal,10.15252/embj.201590960,
199,"HA1-5:S223N, HA1-5:T156A","Suttie A. et al., 2019",Increased virus binding to α2-6,H5N1,Virus Genes,10.1007/s11262-019-01700-z,
200,"HA1-5:G224S, HA1-5:V182N","de Vries R. et al., 2017",Increased virus binding to α2-6,H7N9,PLoS Pathogens,10.1371/journal.ppat.1006390,
200,"HA1-5:G224S, HA1-5:V182N","Suttie A. et al., 2019",Increased virus binding to α2-6,H7N9,Virus Genes,10.1007/s11262-019-01700-z,
201,"HA1-5:G224S, HA1-5:K189T, HA1-5:V182G","de Vries R. et al., 2017",Increased virus binding to α2-6,H7N9,PLoS Pathogens,10.1371/journal.ppat.1006390,
201,"HA1-5:G224S, HA1-5:K189T, HA1-5:V182G","Suttie A. et al., 2019",Increased virus binding to α2-6,H7N9,Virus Genes,10.1007/s11262-019-01700-z,
202,"HA1-5:G224S, HA1-5:K189T, HA1-5:V182K","de Vries R. et al., 2017",Increased virus binding to α2-6,H7N9,PLoS Pathogens,10.1371/journal.ppat.1006390,
202,"HA1-5:G224S, HA1-5:K189T, HA1-5:V182K","Suttie A. et al., 2019",Increased virus binding to α2-6,H7N9,Virus Genes,10.1007/s11262-019-01700-z,
203,"HA1-5:G224S, HA1-5:N220K, HA1-5:V182N","de Vries R. et al., 2017",Increased virus binding to α2-6,H7N9,PLoS Pathogens,10.1371/journal.ppat.1006390,
203,"HA1-5:G224S, HA1-5:N220K, HA1-5:V182N","Suttie A. et al., 2019",Increased virus binding to α2-6,H7N9,Virus Genes,10.1007/s11262-019-01700-z,
204,"HA1-5:G224S, HA1-5:N182K, HA1-5:Q192R, HA1-5:Q222L, HA1-5:S223N","Chutinimitkul S. et al., 2010",Increased virus binding to α2-6,H5N1,Journal of Virology,10.1128/jvi.02737-09,
204,"HA1-5:G224S, HA1-5:N182K, HA1-5:Q192R, HA1-5:Q222L, HA1-5:S223N","Suttie A. et al., 2019",Increased virus binding to α2-6,H5N1,Virus Genes,10.1007/s11262-019-01700-z,
205,"HA1-5:G224S, HA1-5:N182K, HA1-5:Q222L, HA1-5:S223N","Chutinimitkul S. et al., 2010",Increased virus binding to α2-6,H5N1,Journal of Virology,10.1128/jvi.02737-09,
205,"HA1-5:G224S, HA1-5:N182K, HA1-5:Q222L, HA1-5:S223N","Suttie A. et al., 2019",Increased virus binding to α2-6,H5N1,Virus Genes,10.1007/s11262-019-01700-z,
206,"HA1-5:E183G, HA1-5:E186D, HA1-5:G224S, HA1-5:K189S, HA1-5:Q222L","Maines T. et al., 2011",Increased virus binding to α2-6,H5N1,Virology,10.1016/j.virol.2011.02.015,
206,"HA1-5:E183G, HA1-5:E186D, HA1-5:G224S, HA1-5:K189S, HA1-5:Q222L","Suttie A. et al., 2019",Increased virus binding to α2-6,H5N1,Virus Genes,10.1007/s11262-019-01700-z,
207,"HA1-5:E183G, HA1-5:G224S, HA1-5:Q222L","Chen L. et al., 2012",Increased virus binding to α2-6,H5N1,Virology,10.1016/j.virol.2011.12.014,
207,"HA1-5:E183G, HA1-5:G224S, HA1-5:Q222L","Suttie A. et al., 2019",Increased virus binding to α2-6,H5N1,Virus Genes,10.1007/s11262-019-01700-z,
208,"HA1-5:D183G, HA1-5:S223N","Chen L. et al., 2012",Increased virus binding to α2-6,H5N1,Virology,10.1016/j.virol.2011.12.014,
208,"HA1-5:D183G, HA1-5:S223N","Suttie A. et al., 2019",Increased virus binding to α2-6,H5N1,Virus Genes,10.1007/s11262-019-01700-z,
209,"HA1-5:T185A, HA2-5:G193R","Sorrell E. et al., 2009",Enhanced replication in ferrets,H3N2 (human isolate) backbone with H9N2 HA,Proceedings of the National Academy of Sciences of the United States of America,10.1073/pnas.0900877106,
209,"HA1-5:T185A, HA2-5:G193R","Suttie A. et al., 2019",Enhanced replication in ferrets,H3N2 (human isolate) backbone with H9N2 HA,Virus Genes,10.1007/s11262-019-01700-z,
209,"HA1-5:T185A, HA2-5:G193R","Sorrell E. et al., 2009",Transmitted via aerosol among ferrets,H3N2 (human isolate) backbone with H9N2 HA,Proceedings of the National Academy of Sciences of the United States of America,10.1073/pnas.0900877106,
209,"HA1-5:T185A, HA2-5:G193R","Suttie A. et al., 2019",Transmitted via aerosol among ferrets,H3N2 (human isolate) backbone with H9N2 HA,Virus Genes,10.1007/s11262-019-01700-z,
210,"HA1-5:E186G, HA1-5:G224S, HA1-5:Q222E","Chen L. et al., 2012",Increased virus binding to α2-6,H5N1,Virology,10.1016/j.virol.2011.12.014,
210,"HA1-5:E186G, HA1-5:G224S, HA1-5:Q222E","Suttie A. et al., 2019",Increased virus binding to α2-6,H5N1,Virus Genes,10.1007/s11262-019-01700-z,
211,"HA1-5:G224S, HA1-5:K189R, HA1-5:Q222L","Stevens J. et al., 2008",Increased virus binding to α2-6,H5N1,Journal of Molecular Biology,10.1016/j.jmb.2008.04.016,
211,"HA1-5:G224S, HA1-5:K189R, HA1-5:Q222L","Zhang H. et al., 2015",Increased virus binding to α2-6,H5N1,Cell Host and Microbe,10.1016/j.chom.2015.02.006,
211,"HA1-5:G224S, HA1-5:K189R, HA1-5:Q222L","Suttie A. et al., 2019",Increased virus binding to α2-6,H5N1,Virus Genes,10.1007/s11262-019-01700-z,
212,"HA1-5:G224S, HA1-5:Q192R, HA1-5:Q222L, HA1-5:S223N","Chutinimitkul S. et al., 2010",Increased virus binding to α2-6,H5N1,Journal of Virology,10.1128/jvi.02737-09,
212,"HA1-5:G224S, HA1-5:Q192R, HA1-5:Q222L, HA1-5:S223N","Suttie A. et al., 2019",Increased virus binding to α2-6,H5N1,Virus Genes,10.1007/s11262-019-01700-z,
213,"HA1-5:G224S, HA1-5:Q192R, HA1-5:Q222L","Chutinimitkul S. et al., 2010",Increased virus binding to α2-6,H5N1,Journal of Virology,10.1128/jvi.02737-09,
213,"HA1-5:G224S, HA1-5:Q192R, HA1-5:Q222L","Chen L. et al., 2012",Increased virus binding to α2-6,H5N1,Virology,10.1016/j.virol.2011.12.014,
213,"HA1-5:G224S, HA1-5:Q192R, HA1-5:Q222L","Suttie A. et al., 2019",Increased virus binding to α2-6,H5N1,Virus Genes,10.1007/s11262-019-01700-z,
214,"HA1-5:Q192R, HA1-5:S223N","Chutinimitkul S. et al., 2010",Increased virus binding to α2-6,H5N1,Journal of Virology,10.1128/jvi.02737-09,
214,"HA1-5:Q192R, HA1-5:S223N","Chen L. et al., 2012",Increased virus binding to α2-6,H5N1,Virology,10.1016/j.virol.2011.12.014,
214,"HA1-5:Q192R, HA1-5:S223N","Suttie A. et al., 2019",Increased virus binding to α2-6,H5N1,Virus Genes,10.1007/s11262-019-01700-z,
215,"HA1-5:N193K, HA2-5:R167K","Yamada S. et al., 2006",Increased virus binding to α2-6,H5N1,Nature,10.1038/nature05264,
215,"HA1-5:N193K, HA2-5:R167K","Suttie A. et al., 2019",Increased virus binding to α2-6,H5N1,Virus Genes,10.1007/s11262-019-01700-z,
216,"HA1-5:K218Q, HA1-5:S223R","Guo H. et al., 2017",Increased virus binding to α2-3,H5N1,Emerging Infectious Diseases,10.3201/eid2302.161072,
216,"HA1-5:K218Q, HA1-5:S223R","Guo H. et al., 2017",Increased virus binding to α2-6,H5N1,Emerging Infectious Diseases,10.3201/eid2302.161072,
216,"HA1-5:K218Q, HA1-5:S223R","Suttie A. et al., 2019",Increased virus binding to α2-3,H5N1,Virus Genes,10.1007/s11262-019-01700-z,
216,"HA1-5:K218Q, HA1-5:S223R","Suttie A. et al., 2019",Increased virus binding to α2-6,H5N1,Virus Genes,10.1007/s11262-019-01700-z,
217,"HA1-5:G224S, HA1-5:N220K","de Vries R. et al., 2017",Increased virus binding to α2-6,H7N9,PLoS Pathogens,10.1371/journal.ppat.1006390,
217,"HA1-5:G224S, HA1-5:N220K","Suttie A. et al., 2019",Increased virus binding to α2-6,H7N9,Virus Genes,10.1007/s11262-019-01700-z,
218,"HA1-5:G224S, HA1-5:Q222L, HA1-5:S223N","Chutinimitkul S. et al., 2010",Increased virus binding to α2-6,H5N1,Journal of Virology,10.1128/jvi.02737-09,
218,"HA1-5:G224S, HA1-5:Q222L, HA1-5:S223N","Suttie A. et al., 2019",Increased virus binding to α2-6,H5N1,Virus Genes,10.1007/s11262-019-01700-z,
219,"HA1-5:G224S, HA1-5:Q222L","Song H. et al., 2017",Increased virus binding to α2-6,H4N6,Cell Reports,10.1016/j.celrep.2017.07.028,
219,"HA1-5:G224S, HA1-5:Q222L","Suttie A. et al., 2019",Increased virus binding to α2-6,H4N6,Virus Genes,10.1007/s11262-019-01700-z,
219,"HA1-5:G224S, HA1-5:Q222L","Srinivasan K. et al., 2013",Increased virus binding to α2-6,H7N7 (human isolate),PLoS ONE,10.1371/journal.pone.0049597,
219,"HA1-5:G224S, HA1-5:Q222L","Suttie A. et al., 2019",Increased virus binding to α2-6,H7N7 (human isolate),Virus Genes,10.1007/s11262-019-01700-z,
219,"HA1-5:G224S, HA1-5:Q222L","Sang X. et al., 2015b",Loss of binding to α2–3,H10N8 (human isolate),Scientific Reports,10.1038/srep15928,
219,"HA1-5:G224S, HA1-5:Q222L","Sang X. et al., 2015b",No binding to α2–6,H10N8 (human isolate),Scientific Reports,10.1038/srep15928,
219,"HA1-5:G224S, HA1-5:Q222L","Tzarum N. et al., 2017",Loss of binding to α2–3,H10N8 (human isolate),Cell Reports,10.1016/j.celrep.2017.03.054,
219,"HA1-5:G224S, HA1-5:Q222L","Tzarum N. et al., 2017",No binding to α2–6,H10N8 (human isolate),Cell Reports,10.1016/j.celrep.2017.03.054,
219,"HA1-5:G224S, HA1-5:Q222L","Zhang H. et al., 2015",Loss of binding to α2–3,H10N8 (human isolate),Cell Host and Microbe,10.1016/j.chom.2015.02.006,
219,"HA1-5:G224S, HA1-5:Q222L","Zhang H. et al., 2015",No binding to α2–6,H10N8 (human isolate),Cell Host and Microbe,10.1016/j.chom.2015.02.006,
219,"HA1-5:G224S, HA1-5:Q222L","Suttie A. et al., 2019",Loss of binding to α2–3,H10N8 (human isolate),Virus Genes,10.1007/s11262-019-01700-z,
219,"HA1-5:G224S, HA1-5:Q222L","Suttie A. et al., 2019",No binding to α2–6,H10N8 (human isolate),Virus Genes,10.1007/s11262-019-01700-z,
219,"HA1-5:G224S, HA1-5:Q222L","Stevens J. et al., 2006",Increased virus binding to α2-6,H5N1,Science,10.1126/science.1124513,
219,"HA1-5:G224S, HA1-5:Q222L","Stevens J. et al., 2006",Decreased antiviral response in host,H5N1,Science,10.1126/science.1124513,
219,"HA1-5:G224S, HA1-5:Q222L","Stevens J. et al., 2006",Reduced tissue tropism in guinea pigs,H5N1,Science,10.1126/science.1124513,
219,"HA1-5:G224S, HA1-5:Q222L","Chutinimitkul S. et al., 2010",Increased virus binding to α2-6,H5N1,Journal of Virology,10.1128/jvi.02737-09,
219,"HA1-5:G224S, HA1-5:Q222L","Chutinimitkul S. et al., 2010",Decreased antiviral response in host,H5N1,Journal of Virology,10.1128/jvi.02737-09,
219,"HA1-5:G224S, HA1-5:Q222L","Chutinimitkul S. et al., 2010",Reduced tissue tropism in guinea pigs,H5N1,Journal of Virology,10.1128/jvi.02737-09,
219,"HA1-5:G224S, HA1-5:Q222L","Chen L. et al., 2012",Increased virus binding to α2-6,H5N1,Virology,10.1016/j.virol.2011.12.014,
219,"HA1-5:G224S, HA1-5:Q222L","Chen L. et al., 2012",Decreased antiviral response in host,H5N1,Virology,10.1016/j.virol.2011.12.014,
219,"HA1-5:G224S, HA1-5:Q222L","Chen L. et al., 2012",Reduced tissue tropism in guinea pigs,H5N1,Virology,10.1016/j.virol.2011.12.014,
219,"HA1-5:G224S, HA1-5:Q222L","Wang W. et al., 2010",Increased virus binding to α2-6,H5N1,Journal of Virology,10.1128/jvi.00221-10,
219,"HA1-5:G224S, HA1-5:Q222L","Wang W. et al., 2010",Decreased antiviral response in host,H5N1,Journal of Virology,10.1128/jvi.00221-10,
219,"HA1-5:G224S, HA1-5:Q222L","Wang W. et al., 2010",Reduced tissue tropism in guinea pigs,H5N1,Journal of Virology,10.1128/jvi.00221-10,
219,"HA1-5:G224S, HA1-5:Q222L","Gao Y. et al., 2009",Increased virus binding to α2-6,H5N1,PLoS Pathogens,10.1371/journal.ppat.1000709,
219,"HA1-5:G224S, HA1-5:Q222L","Gao Y. et al., 2009",Decreased antiviral response in host,H5N1,PLoS Pathogens,10.1371/journal.ppat.1000709,
219,"HA1-5:G224S, HA1-5:Q222L","Gao Y. et al., 2009",Reduced tissue tropism in guinea pigs,H5N1,PLoS Pathogens,10.1371/journal.ppat.1000709,
219,"HA1-5:G224S, HA1-5:Q222L","Wang F. et al., 2015",Increased virus binding to α2-6,H5N1,The EMBO Journal,10.15252/embj.201590960,
219,"HA1-5:G224S, HA1-5:Q222L","Wang F. et al., 2015",Decreased antiviral response in host,H5N1,The EMBO Journal,10.15252/embj.201590960,
219,"HA1-5:G224S, HA1-5:Q222L","Wang F. et al., 2015",Reduced tissue tropism in guinea pigs,H5N1,The EMBO Journal,10.15252/embj.201590960,
219,"HA1-5:G224S, HA1-5:Q222L","Kode S. et al., 2019",Increased virus binding to α2-6,H5N1,Veterinary Microbiology,10.1016/j.vetmic.2019.06.005,
219,"HA1-5:G224S, HA1-5:Q222L","Kode S. et al., 2019",Decreased antiviral response in host,H5N1,Veterinary Microbiology,10.1016/j.vetmic.2019.06.005,
219,"HA1-5:G224S, HA1-5:Q222L","Kode S. et al., 2019",Reduced tissue tropism in guinea pigs,H5N1,Veterinary Microbiology,10.1016/j.vetmic.2019.06.005,
219,"HA1-5:G224S, HA1-5:Q222L","McCown M. et al., 2005",Increased virus binding to α2-6,H5N1,Journal of Virology,10.1128/jvi.79.6.3595-3605.2005,
219,"HA1-5:G224S, HA1-5:Q222L","McCown M. et al., 2005",Decreased antiviral response in host,H5N1,Journal of Virology,10.1128/jvi.79.6.3595-3605.2005,
219,"HA1-5:G224S, HA1-5:Q222L","McCown M. et al., 2005",Reduced tissue tropism in guinea pigs,H5N1,Journal of Virology,10.1128/jvi.79.6.3595-3605.2005,
219,"HA1-5:G224S, HA1-5:Q222L","Ilyushina N. et al., 2008",Increased virus binding to α2-6,H5N1,PLoS Pathogens,10.1371/journal.ppat.1000043,
219,"HA1-5:G224S, HA1-5:Q222L","Ilyushina N. et al., 2008",Decreased antiviral response in host,H5N1,PLoS Pathogens,10.1371/journal.ppat.1000043,
219,"HA1-5:G224S, HA1-5:Q222L","Ilyushina N. et al., 2008",Reduced tissue tropism in guinea pigs,H5N1,PLoS Pathogens,10.1371/journal.ppat.1000043,
219,"HA1-5:G224S, HA1-5:Q222L","Stevens J. et al., 2008",Increased virus binding to α2-6,H5N1,Journal of Molecular Biology,10.1016/j.jmb.2008.04.016,
219,"HA1-5:G224S, HA1-5:Q222L","Stevens J. et al., 2008",Decreased antiviral response in host,H5N1,Journal of Molecular Biology,10.1016/j.jmb.2008.04.016,
219,"HA1-5:G224S, HA1-5:Q222L","Stevens J. et al., 2008",Reduced tissue tropism in guinea pigs,H5N1,Journal of Molecular Biology,10.1016/j.jmb.2008.04.016,
219,"HA1-5:G224S, HA1-5:Q222L","Maines T. et al., 2011",Increased virus binding to α2-6,H5N1,Virology,10.1016/j.virol.2011.02.015,
219,"HA1-5:G224S, HA1-5:Q222L","Maines T. et al., 2011",Decreased antiviral response in host,H5N1,Virology,10.1016/j.virol.2011.02.015,
219,"HA1-5:G224S, HA1-5:Q222L","Maines T. et al., 2011",Reduced tissue tropism in guinea pigs,H5N1,Virology,10.1016/j.virol.2011.02.015,
219,"HA1-5:G224S, HA1-5:Q222L","Harvey R. et al., 2004",Increased virus binding to α2-6,H5N1,Journal of Virology,10.1128/jvi.78.1.502-507.2004,
219,"HA1-5:G224S, HA1-5:Q222L","Harvey R. et al., 2004",Decreased antiviral response in host,H5N1,Journal of Virology,10.1128/jvi.78.1.502-507.2004,
219,"HA1-5:G224S, HA1-5:Q222L","Harvey R. et al., 2004",Reduced tissue tropism in guinea pigs,H5N1,Journal of Virology,10.1128/jvi.78.1.502-507.2004,
219,"HA1-5:G224S, HA1-5:Q222L","Ayora-Talavera G. et al., 2009",Increased virus binding to α2-6,H5N1,PLoS ONE,10.1371/journal.pone.0007836,
219,"HA1-5:G224S, HA1-5:Q222L","Ayora-Talavera G. et al., 2009",Decreased antiviral response in host,H5N1,PLoS ONE,10.1371/journal.pone.0007836,
219,"HA1-5:G224S, HA1-5:Q222L","Ayora-Talavera G. et al., 2009",Reduced tissue tropism in guinea pigs,H5N1,PLoS ONE,10.1371/journal.pone.0007836,
219,"HA1-5:G224S, HA1-5:Q222L","Suttie A. et al., 2019",Increased virus binding to α2-6,H5N1,Virus Genes,10.1007/s11262-019-01700-z,
219,"HA1-5:G224S, HA1-5:Q222L","Suttie A. et al., 2019",Decreased antiviral response in host,H5N1,Virus Genes,10.1007/s11262-019-01700-z,
219,"HA1-5:G224S, HA1-5:Q222L","Suttie A. et al., 2019",Reduced tissue tropism in guinea pigs,H5N1,Virus Genes,10.1007/s11262-019-01700-z,
236,"NA-1:I117V, NA-1:I314V","Hurt A. et al., 2007",Reduced susceptibility to Oseltamivir,H5N1,Antiviral Research,10.1016/j.antiviral.2006.10.004,
236,"NA-1:I117V, NA-1:I314V","Suttie A. et al., 2019",Reduced susceptibility to Oseltamivir,H5N1,Virus Genes,10.1007/s11262-019-01700-z,
236,"NA-1:I117V, NA-1:I314V","Hurt A. et al., 2007",Reduced inhibition to Oseltamivir,H5N1,Antiviral Research,10.1016/j.antiviral.2006.10.004,
237,"NA-1:E119A, NA-1:H275Y","Baek Y. et al., 2015",Reduced susceptibility to Oseltamivir,H5N1,Journal of Virology,10.1128/jvi.02485-14,
237,"NA-1:E119A, NA-1:H275Y","Baek Y. et al., 2015",Reduced susceptibility to Peramivir,H5N1,Journal of Virology,10.1128/jvi.02485-14,
237,"NA-1:E119A, NA-1:H275Y","Baek Y. et al., 2015",Reduced susceptibility to Zanamivir,H5N1,Journal of Virology,10.1128/jvi.02485-14,
237,"NA-1:E119A, NA-1:H275Y","Suttie A. et al., 2019",Reduced susceptibility to Oseltamivir,H5N1,Virus Genes,10.1007/s11262-019-01700-z,
237,"NA-1:E119A, NA-1:H275Y","Suttie A. et al., 2019",Reduced susceptibility to Peramivir,H5N1,Virus Genes,10.1007/s11262-019-01700-z,
237,"NA-1:E119A, NA-1:H275Y","Suttie A. et al., 2019",Reduced susceptibility to Zanamivir,H5N1,Virus Genes,10.1007/s11262-019-01700-z,
237,"NA-1:E119A, NA-1:H275Y","Baek Y. et al., 2015",Highly reduced inhibition to Oseltamivir,H1N1,Journal of Virology,10.1128/jvi.02485-14,
237,"NA-1:E119A, NA-1:H275Y","Baek Y. et al., 2015",Reduced inhibition to Zanamiriv,H1N1,Journal of Virology,10.1128/jvi.02485-14,
237,"NA-1:E119A, NA-1:H275Y","Baek Y. et al., 2015",Highly reduced inhibition to Oseltamivir,H5N1,Journal of Virology,10.1128/jvi.02485-14,
237,"NA-1:E119A, NA-1:H275Y","Baek Y. et al., 2015",Reduced inhibition to Zanamiriv,H5N1,Journal of Virology,10.1128/jvi.02485-14,
237,"NA-1:E119A, NA-1:H275Y","Baek Y. et al., 2015",Highly reduced inhibition to Peramivir,H5N1,Journal of Virology,10.1128/jvi.02485-14,
238,"NA-1:E119D, NA-1:H275Y","Baek Y. et al., 2015",Reduced susceptibility to Oseltamivir,H5N1,Journal of Virology,10.1128/jvi.02485-14,
238,"NA-1:E119D, NA-1:H275Y","Baek Y. et al., 2015",Reduced susceptibility to Peramivir,H5N1,Journal of Virology,10.1128/jvi.02485-14,
238,"NA-1:E119D, NA-1:H275Y","Baek Y. et al., 2015",Reduced susceptibility to Zanamivir,H5N1,Journal of Virology,10.1128/jvi.02485-14,
238,"NA-1:E119D, NA-1:H275Y","Suttie A. et al., 2019",Reduced susceptibility to Oseltamivir,H5N1,Virus Genes,10.1007/s11262-019-01700-z,
238,"NA-1:E119D, NA-1:H275Y","Suttie A. et al., 2019",Reduced susceptibility to Peramivir,H5N1,Virus Genes,10.1007/s11262-019-01700-z,
238,"NA-1:E119D, NA-1:H275Y","Suttie A. et al., 2019",Reduced susceptibility to Zanamivir,H5N1,Virus Genes,10.1007/s11262-019-01700-z,
238,"NA-1:E119D, NA-1:H275Y","Baek Y. et al., 2015",Highly reduced inhibition to Oseltamivir,H1N1,Journal of Virology,10.1128/jvi.02485-14,
238,"NA-1:E119D, NA-1:H275Y","Baek Y. et al., 2015",Highly reduced inhibition to Zanamivir,H1N1,Journal of Virology,10.1128/jvi.02485-14,
238,"NA-1:E119D, NA-1:H275Y","Baek Y. et al., 2015",Highly reduced inhibition to Peramivir,H1N1,Journal of Virology,10.1128/jvi.02485-14,
238,"NA-1:E119D, NA-1:H275Y","Baek Y. et al., 2015",Highly reduced inhibition to Laninamivir,H1N1,Journal of Virology,10.1128/jvi.02485-14,
238,"NA-1:E119D, NA-1:H275Y","L'Huillier A. et al., 2015",Highly reduced inhibition to Oseltamivir,H1N1,Journal of Infectious Diseases,10.1093/infdis/jiv288,
238,"NA-1:E119D, NA-1:H275Y","L'Huillier A. et al., 2015",Highly reduced inhibition to Zanamivir,H1N1,Journal of Infectious Diseases,10.1093/infdis/jiv288,
238,"NA-1:E119D, NA-1:H275Y","L'Huillier A. et al., 2015",Highly reduced inhibition to Peramivir,H1N1,Journal of Infectious Diseases,10.1093/infdis/jiv288,
238,"NA-1:E119D, NA-1:H275Y","L'Huillier A. et al., 2015",Highly reduced inhibition to Laninamivir,H1N1,Journal of Infectious Diseases,10.1093/infdis/jiv288,
238,"NA-1:E119D, NA-1:H275Y","Baek Y. et al., 2015",Highly reduced inhibition to Oseltamivir,H5N1,Journal of Virology,10.1128/jvi.02485-14,
238,"NA-1:E119D, NA-1:H275Y","Baek Y. et al., 2015",Reduced inhibition to Zanamiriv,H5N1,Journal of Virology,10.1128/jvi.02485-14,
238,"NA-1:E119D, NA-1:H275Y","Baek Y. et al., 2015",Highly reduced inhibition to Peramivir,H5N1,Journal of Virology,10.1128/jvi.02485-14,
239,"NA-1:E119G, NA-1:H275Y","Baek Y. et al., 2015",Reduced susceptibility to Oseltamivir,H5N1,Journal of Virology,10.1128/jvi.02485-14,
239,"NA-1:E119G, NA-1:H275Y","Baek Y. et al., 2015",Reduced susceptibility to Peramivir,H5N1,Journal of Virology,10.1128/jvi.02485-14,
239,"NA-1:E119G, NA-1:H275Y","Baek Y. et al., 2015",Reduced susceptibility to Zanamivir,H5N1,Journal of Virology,10.1128/jvi.02485-14,
239,"NA-1:E119G, NA-1:H275Y","Suttie A. et al., 2019",Reduced susceptibility to Oseltamivir,H5N1,Virus Genes,10.1007/s11262-019-01700-z,
239,"NA-1:E119G, NA-1:H275Y","Suttie A. et al., 2019",Reduced susceptibility to Peramivir,H5N1,Virus Genes,10.1007/s11262-019-01700-z,
239,"NA-1:E119G, NA-1:H275Y","Suttie A. et al., 2019",Reduced susceptibility to Zanamivir,H5N1,Virus Genes,10.1007/s11262-019-01700-z,
239,"NA-1:E119G, NA-1:H275Y","Baek Y. et al., 2015",Highly reduced inhibition to Oseltamivir,H1N1,Journal of Virology,10.1128/jvi.02485-14,
239,"NA-1:E119G, NA-1:H275Y","Baek Y. et al., 2015",Highly reduced inhibition to Zanamivir,H1N1,Journal of Virology,10.1128/jvi.02485-14,
239,"NA-1:E119G, NA-1:H275Y","Baek Y. et al., 2015",Highly reduced inhibition to Peramivir,H1N1,Journal of Virology,10.1128/jvi.02485-14,
239,"NA-1:E119G, NA-1:H275Y","Baek Y. et al., 2015",Highly reduced inhibition to Laninamivir,H1N1,Journal of Virology,10.1128/jvi.02485-14,
239,"NA-1:E119G, NA-1:H275Y","Tamura D. et al., 2015b",Highly reduced inhibition to Oseltamivir,H1N1,Journal of Infectious Diseases,10.1093/infdis/jiv245,
239,"NA-1:E119G, NA-1:H275Y","Tamura D. et al., 2015b",Highly reduced inhibition to Zanamivir,H1N1,Journal of Infectious Diseases,10.1093/infdis/jiv245,
239,"NA-1:E119G, NA-1:H275Y","Tamura D. et al., 2015b",Highly reduced inhibition to Peramivir,H1N1,Journal of Infectious Diseases,10.1093/infdis/jiv245,
239,"NA-1:E119G, NA-1:H275Y","Tamura D. et al., 2015b",Highly reduced inhibition to Laninamivir,H1N1,Journal of Infectious Diseases,10.1093/infdis/jiv245,
239,"NA-1:E119G, NA-1:H275Y","Baek Y. et al., 2015",Highly reduced inhibition to Oseltamivir,H5N1,Journal of Virology,10.1128/jvi.02485-14,
239,"NA-1:E119G, NA-1:H275Y","Baek Y. et al., 2015",Reduced inhibition to Zanamiriv,H5N1,Journal of Virology,10.1128/jvi.02485-14,
239,"NA-1:E119G, NA-1:H275Y","Baek Y. et al., 2015",Highly reduced inhibition to Peramivir,H5N1,Journal of Virology,10.1128/jvi.02485-14,
240,"NA-1:I223L, NA-1:S247N","Creanga A. et al., 2017",Reduced susceptibility to Oseltamivir,H5N1,Journal of Infectious Diseases,10.1093/infdis/jix003,
240,"NA-1:I223L, NA-1:S247N","Suttie A. et al., 2019",Reduced susceptibility to Oseltamivir,H5N1,Virus Genes,10.1007/s11262-019-01700-z,
240,"NA-1:I223L, NA-1:S247N","Creanga A. et al., 2017",Reduced inhibition to Oseltamivir,H5N1,Journal of Infectious Diseases,10.1093/infdis/jix003,
241,"NA-1:H275Y, NA-1:I223M","Hurt A. et al., 2009",Reduced susceptibility to Oseltamivir,H5N1,Antimicrobial Agents and Chemotherapy,10.1128/AAC.00334-09,
241,"NA-1:H275Y, NA-1:I223M","Hurt A. et al., 2009",Reduced susceptibility to Peramivir,H5N1,Antimicrobial Agents and Chemotherapy,10.1128/AAC.00334-09,
241,"NA-1:H275Y, NA-1:I223M","Suttie A. et al., 2019",Reduced susceptibility to Oseltamivir,H5N1,Virus Genes,10.1007/s11262-019-01700-z,
241,"NA-1:H275Y, NA-1:I223M","Suttie A. et al., 2019",Reduced susceptibility to Peramivir,H5N1,Virus Genes,10.1007/s11262-019-01700-z,
241,"NA-1:H275Y, NA-1:I223M","Hurt A. et al., 2009",Highly reduced inhibition to Oseltamivir,H1N1,Antimicrobial Agents and Chemotherapy,10.1128/AAC.00334-09,
241,"NA-1:H275Y, NA-1:I223M","Hurt A. et al., 2009",Highly reduced inhibition to Peramivir,H1N1,Antimicrobial Agents and Chemotherapy,10.1128/AAC.00334-09,
241,"NA-1:H275Y, NA-1:I223M","Hurt A. et al., 2009",Highly reduced inhibition to Oseltamivir,H5N1,Antimicrobial Agents and Chemotherapy,10.1128/AAC.00334-09,
241,"NA-1:H275Y, NA-1:I223M","Hurt A. et al., 2009",Highly reduced inhibition to Peramivir,H5N1,Antimicrobial Agents and Chemotherapy,10.1128/AAC.00334-09,
242,"NA-1:H275Y, NA-1:I223V","Hurt A. et al., 2009",Reduced susceptibility to Oseltamivir,H5N1,Antimicrobial Agents and Chemotherapy,10.1128/AAC.00334-09,
242,"NA-1:H275Y, NA-1:I223V","Hurt A. et al., 2009",Reduced susceptibility to Peramivir,H5N1,Antimicrobial Agents and Chemotherapy,10.1128/AAC.00334-09,
242,"NA-1:H275Y, NA-1:I223V","Suttie A. et al., 2019",Reduced susceptibility to Oseltamivir,H5N1,Virus Genes,10.1007/s11262-019-01700-z,
242,"NA-1:H275Y, NA-1:I223V","Suttie A. et al., 2019",Reduced susceptibility to Peramivir,H5N1,Virus Genes,10.1007/s11262-019-01700-z,
242,"NA-1:H275Y, NA-1:I223V","Pizzorno A. et al., 2011",Highly reduced inhibition to Oseltamivir,H1N1,Journal of Infectious Diseases,10.1093/infdis/jiq010,
242,"NA-1:H275Y, NA-1:I223V","Pizzorno A. et al., 2011",Highly reduced inhibition to Peramivir,H1N1,Journal of Infectious Diseases,10.1093/infdis/jiq010,
242,"NA-1:H275Y, NA-1:I223V","Centers for Disease Control and Prevention, 2009(2009",Highly reduced inhibition to Oseltamivir,H1N1,MMWR. Morbidity and mortality weekly report,,
242,"NA-1:H275Y, NA-1:I223V","Centers for Disease Control and Prevention, 2009(2009",Highly reduced inhibition to Peramivir,H1N1,MMWR. Morbidity and mortality weekly report,,
242,"NA-1:H275Y, NA-1:I223V","Choi W. et al., 2013",Highly reduced inhibition to Oseltamivir,H1N1,Osong Public Health and Research Perspectives,10.1016/j.phrp.2013.10.005,
242,"NA-1:H275Y, NA-1:I223V","Choi W. et al., 2013",Highly reduced inhibition to Peramivir,H1N1,Osong Public Health and Research Perspectives,10.1016/j.phrp.2013.10.005,
242,"NA-1:H275Y, NA-1:I223V","Hurt A. et al., 2009",Highly reduced inhibition to Oseltamivir,H1N1,Antimicrobial Agents and Chemotherapy,10.1128/AAC.00334-09,
242,"NA-1:H275Y, NA-1:I223V","Hurt A. et al., 2009",Highly reduced inhibition to Peramivir,H1N1,Antimicrobial Agents and Chemotherapy,10.1128/AAC.00334-09,
242,"NA-1:H275Y, NA-1:I223V","Hurt A. et al., 2009",Highly reduced inhibition to Oseltamivir,H5N1,Antimicrobial Agents and Chemotherapy,10.1128/AAC.00334-09,
242,"NA-1:H275Y, NA-1:I223V","Hurt A. et al., 2009",Highly reduced inhibition to Peramivir,H5N1,Antimicrobial Agents and Chemotherapy,10.1128/AAC.00334-09,
243,"NA-1:I223L, NA-1:K150N, NA-1:S247N","Boltz D. et al., 2010",Reduced susceptibility to Oseltamivir,H5N1,Journal of General Virology,10.1099/vir.0.017459-0,
243,"NA-1:I223L, NA-1:K150N, NA-1:S247N","Suttie A. et al., 2019",Reduced susceptibility to Oseltamivir,H5N1,Virus Genes,10.1007/s11262-019-01700-z,
243,"NA-1:I223L, NA-1:K150N, NA-1:S247N","Boltz D. et al., 2010",Reduced inhibition to Oseltamivir,H5N1,Journal of General Virology,10.1099/vir.0.017459-0,
244,"HA1-5:G224S, HA1-5:K189T","de Vries R. et al., 2017",Dual α2–3 and α2–6 binding,H7N9,PLoS Pathogens,10.1371/journal.ppat.1006390,
244,"HA1-5:G224S, HA1-5:K189T","Suttie A. et al., 2019",Dual α2–3 and α2–6 binding,H7N9,Virus Genes,10.1007/s11262-019-01700-z,
245,"HA1-5:Q223P, HA2-5:D46E, NP:E434K","Sang X. et al., 2015b",Enhanced contact transmission in guinea pigs,H9N2,Scientific Reports,10.1038/srep15928,
245,"HA1-5:Q223P, HA2-5:D46E, NP:E434K","Suttie A. et al., 2019",Enhanced contact transmission in guinea pigs,H9N2,Virus Genes,10.1007/s11262-019-01700-z,
246,"HA1-5:Q223P, NP:E434K, PB2:D195N","Sang X. et al., 2015b",Enhanced contact transmission in guinea pigs,H9N2,Scientific Reports,10.1038/srep15928,
246,"HA1-5:Q223P, NP:E434K, PB2:D195N","Suttie A. et al., 2019",Enhanced contact transmission in guinea pigs,H9N2,Virus Genes,10.1007/s11262-019-01700-z,
294,"NA-1:E119V, NA-1:I117V","Choi W. et al., 2013",Highly reduced inhibition to Zanamivir,H1N1,Osong Public Health and Research Perspectives,10.1016/j.phrp.2013.10.005,
295,"NA-1:E119V, NA-1:I117M","Choi W. et al., 2013",Reduced inhibition to Oseltamivir,H1N1,Osong Public Health and Research Perspectives,10.1016/j.phrp.2013.10.005,
295,"NA-1:E119V, NA-1:I117M","Choi W. et al., 2013",Highly reduced inhibition to Zanamivir,H1N1,Osong Public Health and Research Perspectives,10.1016/j.phrp.2013.10.005,
296,"NA-1:H275Y, NA-1:I117V","Choi W. et al., 2013",Highly reduced inhibition to Oseltamivir,H1N1,Osong Public Health and Research Perspectives,10.1016/j.phrp.2013.10.005,
297,"NA-1:H275Y, NA-1:I117M","Choi W. et al., 2013",Highly reduced inhibition to Oseltamivir,H1N1,Osong Public Health and Research Perspectives,10.1016/j.phrp.2013.10.005,
298,"NA-1:I117V, NA-1:N295S","Choi W. et al., 2013",Reduced inhibition to Oseltamivir,H1N1,Osong Public Health and Research Perspectives,10.1016/j.phrp.2013.10.005,
299,"NA-1:I117M, NA-1:N295S","Choi W. et al., 2013",Reduced inhibition to Oseltamivir,H1N1,Osong Public Health and Research Perspectives,10.1016/j.phrp.2013.10.005,
307,"NA-1:E119V, NA-1:H275Y","Choi W. et al., 2013",Reduced inhibition to Oseltamivir,H1N1,Osong Public Health and Research Perspectives,10.1016/j.phrp.2013.10.005,
307,"NA-1:E119V, NA-1:H275Y","Choi W. et al., 2013",Highly reduced inhibition to Zanamivir,H1N1,Osong Public Health and Research Perspectives,10.1016/j.phrp.2013.10.005,
308,"NA-1:D151E, NA-1:Q136K","Okomo-Adhiambo M. et al., 2010b",Reduced inhibition to Zanamiriv,H1N1,Antiviral Research,10.1016/j.antiviral.2009.11.005,
308,"NA-1:D151E, NA-1:Q136K","Okomo-Adhiambo M. et al., 2010b",Reduced inhibition to Peramivir,H1N1,Antiviral Research,10.1016/j.antiviral.2009.11.005,
309,"NA-1:H275Y, NA-1:Q136K","Okomo-Adhiambo M. et al., 2010b",Highly reduced inhibition to Oseltamivir,H1N1,Antiviral Research,10.1016/j.antiviral.2009.11.005,
309,"NA-1:H275Y, NA-1:Q136K","Okomo-Adhiambo M. et al., 2010b",Reduced inhibition to Zanamiriv,H1N1,Antiviral Research,10.1016/j.antiviral.2009.11.005,
309,"NA-1:H275Y, NA-1:Q136K","Okomo-Adhiambo M. et al., 2010b",Highly reduced inhibition to Peramivir,H1N1,Antiviral Research,10.1016/j.antiviral.2009.11.005,
310,"NA-1:G147R, NA-1:H275Y","Gubareva L. et al., 2017",Highly reduced inhibition to Oseltamivir,H1N1,Antiviral Research,10.1016/j.antiviral.2017.08.004,
310,"NA-1:G147R, NA-1:H275Y","Gubareva L. et al., 2017",Highly reduced inhibition to Peramivir,H1N1,Antiviral Research,10.1016/j.antiviral.2017.08.004,
311,"NA-1:D151E, NA-1:H275Y","Okomo-Adhiambo M. et al., 2010b",Highly reduced inhibition to Oseltamivir,H1N1,Antiviral Research,10.1016/j.antiviral.2009.11.005,
311,"NA-1:D151E, NA-1:H275Y","Okomo-Adhiambo M. et al., 2010b",From reduced to highly reduced inhibition to Peramivir,H1N1,Antiviral Research,10.1016/j.antiviral.2009.11.005,
312,"NA-1:D151N, NA-1:H275Y","Okomo-Adhiambo M. et al., 2010b",Highly reduced inhibition to Oseltamivir,H1N1,Antiviral Research,10.1016/j.antiviral.2009.11.005,
312,"NA-1:D151N, NA-1:H275Y","Okomo-Adhiambo M. et al., 2010b",From reduced to highly reduced inhibition to Peramivir,H1N1,Antiviral Research,10.1016/j.antiviral.2009.11.005,
313,"NA-1:D151G, NA-1:H275Y","Okomo-Adhiambo M. et al., 2010b",Highly reduced inhibition to Oseltamivir,H1N1,Antiviral Research,10.1016/j.antiviral.2009.11.005,
313,"NA-1:D151G, NA-1:H275Y","Okomo-Adhiambo M. et al., 2010b",Reduced inhibition to Zanamiriv,H1N1,Antiviral Research,10.1016/j.antiviral.2009.11.005,
313,"NA-1:D151G, NA-1:H275Y","Okomo-Adhiambo M. et al., 2010b",Highly reduced inhibition to Peramivir,H1N1,Antiviral Research,10.1016/j.antiviral.2009.11.005,
314,"NA-1:D199N, NA-1:H275Y","Okomo-Adhiambo M. et al., 2013",Highly reduced inhibition to Oseltamivir,H1N1,Influenza and other Respiratory Viruses,10.1111/irv.12113,
314,"NA-1:D199N, NA-1:H275Y","Okomo-Adhiambo M. et al., 2013",Highly reduced inhibition to Peramivir,H1N1,Influenza and other Respiratory Viruses,10.1111/irv.12113,
318,"NA-1:I223V, NA-1:N295S","Choi W. et al., 2013",Reduced inhibition to Oseltamivir,H1N1,Osong Public Health and Research Perspectives,10.1016/j.phrp.2013.10.005,
319,"NA-1:H275Y, NA-1:I223K","Nguyen H. et al., 2012",Highly reduced inhibition to Oseltamivir,H1N1,Antiviral Research,10.1016/j.antiviral.2012.01.006,
319,"NA-1:H275Y, NA-1:I223K","Nguyen H. et al., 2012",Reduced inhibition to Zanamiriv,H1N1,Antiviral Research,10.1016/j.antiviral.2012.01.006,
319,"NA-1:H275Y, NA-1:I223K","Nguyen H. et al., 2012",Highly reduced inhibition to Peramivir,H1N1,Antiviral Research,10.1016/j.antiviral.2012.01.006,
319,"NA-1:H275Y, NA-1:I223K","Nguyen H. et al., 2012",Reduced inhibition to Laninamivir,H1N1,Antiviral Research,10.1016/j.antiviral.2012.01.006,
320,"NA-1:H275Y, NA-1:I223R","Nguyen H. et al., 2010",Highly reduced inhibition to Oseltamivir,H1N1,Clinical Infectious Diseases,10.1086/656439,
320,"NA-1:H275Y, NA-1:I223R","Nguyen H. et al., 2010",Reduced inhibition to Zanamiriv,H1N1,Clinical Infectious Diseases,10.1086/656439,
320,"NA-1:H275Y, NA-1:I223R","Nguyen H. et al., 2010",Highly reduced inhibition to Peramivir,H1N1,Clinical Infectious Diseases,10.1086/656439,
320,"NA-1:H275Y, NA-1:I223R","Nguyen H. et al., 2010",Reduced inhibition to Laninamivir,H1N1,Clinical Infectious Diseases,10.1086/656439,
320,"NA-1:H275Y, NA-1:I223R","Pizzorno A. et al., 2012",Highly reduced inhibition to Oseltamivir,H1N1,Antimicrobial Agents and Chemotherapy,10.1128/AAC.05994-11,
320,"NA-1:H275Y, NA-1:I223R","Pizzorno A. et al., 2012",Reduced inhibition to Zanamiriv,H1N1,Antimicrobial Agents and Chemotherapy,10.1128/AAC.05994-11,
320,"NA-1:H275Y, NA-1:I223R","Pizzorno A. et al., 2012",Highly reduced inhibition to Peramivir,H1N1,Antimicrobial Agents and Chemotherapy,10.1128/AAC.05994-11,
320,"NA-1:H275Y, NA-1:I223R","Pizzorno A. et al., 2012",Reduced inhibition to Laninamivir,H1N1,Antimicrobial Agents and Chemotherapy,10.1128/AAC.05994-11,
320,"NA-1:H275Y, NA-1:I223R","Nguyen H. et al., 2012",Highly reduced inhibition to Oseltamivir,H1N1,Antiviral Research,10.1016/j.antiviral.2012.01.006,
320,"NA-1:H275Y, NA-1:I223R","Nguyen H. et al., 2012",Reduced inhibition to Zanamiriv,H1N1,Antiviral Research,10.1016/j.antiviral.2012.01.006,
320,"NA-1:H275Y, NA-1:I223R","Nguyen H. et al., 2012",Highly reduced inhibition to Peramivir,H1N1,Antiviral Research,10.1016/j.antiviral.2012.01.006,
320,"NA-1:H275Y, NA-1:I223R","Nguyen H. et al., 2012",Reduced inhibition to Laninamivir,H1N1,Antiviral Research,10.1016/j.antiviral.2012.01.006,
324,"NA-1:H275Y, NA-1:S247N","Hurt A. et al., 2011",Highly reduced inhibition to Oseltamivir,H1N1,Eurosurveillance,10.2807/ese.16.23.19884-en,
324,"NA-1:H275Y, NA-1:S247N","Hurt A. et al., 2011",Highly reduced inhibition to Peramivir,H1N1,Eurosurveillance,10.2807/ese.16.23.19884-en,
325,"NA-1:H275Y, NA-1:I436N","Kwon J. et al., 2018",Reduced inhibition to Zanamiriv,A(H1N1)pdm09,Journal of General Virology,10.1099/jgv.0.001029,
325,"NA-1:H275Y, NA-1:I436N","Kwon J. et al., 2018",Highly reduced inhibition to Peramivir,A(H1N1)pdm09,Journal of General Virology,10.1099/jgv.0.001029,
325,"NA-1:H275Y, NA-1:I436N","Kwon J. et al., 2018",Highly reduced inhibition to Oseltamivir,A(H1N1)pdm09,Journal of General Virology,10.1099/jgv.0.001029,
325,"NA-1:H275Y, NA-1:I436N","Kwon J. et al., 2018",Reduced inhibition to Laninamivir,A(H1N1)pdm09,Journal of General Virology,10.1099/jgv.0.001029,
326,"NA-1:H275Y, NA-1:R293K","Choi W. et al., 2013",Highly reduced inhibition to Oseltamivir,H1N1,Osong Public Health and Research Perspectives,10.1016/j.phrp.2013.10.005,
327,"NA-1:H275Y, NA-1:N295S","Choi W. et al., 2013",Highly reduced inhibition to Oseltamivir,H1N1,Osong Public Health and Research Perspectives,10.1016/j.phrp.2013.10.005,
328,"NA-1:I427T, NA-1:Q313K","Okomo-Adhiambo M. et al., 2010b",Reduced inhibition to Oseltamivir,H1N1,Antiviral Research,10.1016/j.antiviral.2009.11.005,
328,"NA-1:I427T, NA-1:Q313K","Okomo-Adhiambo M. et al., 2010b",From normal to reduced inhibition to Zanamivir,H1N1,Antiviral Research,10.1016/j.antiviral.2009.11.005,
328,"NA-1:I427T, NA-1:Q313K","Hurt A. et al., 2012",Reduced inhibition to Oseltamivir,H1N1,The Lancet Infectious Diseases,10.1016/S1473-3099(11)70318-8,
328,"NA-1:I427T, NA-1:Q313K","Hurt A. et al., 2012",From normal to reduced inhibition to Zanamivir,H1N1,The Lancet Infectious Diseases,10.1016/S1473-3099(11)70318-8,
329,"NA-1:H275Y, NA-1:S334N","Choi W. et al., 2013",Highly reduced inhibition to Oseltamivir,H1N1,Osong Public Health and Research Perspectives,10.1016/j.phrp.2013.10.005,
330,"NA-1:H275Y, NA-1:I117V, NA-1:N295S","Choi W. et al., 2013",Highly reduced inhibition to Oseltamivir,H1N1,Osong Public Health and Research Perspectives,10.1016/j.phrp.2013.10.005,
330,"NA-1:H275Y, NA-1:I117V, NA-1:N295S","Choi W. et al., 2013",Reduced inhibition to Zanamiriv,H1N1,Osong Public Health and Research Perspectives,10.1016/j.phrp.2013.10.005,
331,"NA-1:H275Y, NA-1:I117M, NA-1:N295S","Choi W. et al., 2013",Highly reduced inhibition to Oseltamivir,H1N1,Osong Public Health and Research Perspectives,10.1016/j.phrp.2013.10.005,
331,"NA-1:H275Y, NA-1:I117M, NA-1:N295S","Choi W. et al., 2013",Reduced inhibition to Zanamiriv,H1N1,Osong Public Health and Research Perspectives,10.1016/j.phrp.2013.10.005,
332,"NA-1:D151N, NA-1:H275Y, NA-1:Q136K","Okomo-Adhiambo M. et al., 2010b",Highly reduced inhibition to Oseltamivir,H1N1,Antiviral Research,10.1016/j.antiviral.2009.11.005,
332,"NA-1:D151N, NA-1:H275Y, NA-1:Q136K","Okomo-Adhiambo M. et al., 2010b",Highly reduced inhibition to Peramivir,H1N1,Antiviral Research,10.1016/j.antiviral.2009.11.005,
333,"NA-1:H275Y, NA-1:I223V, NA-1:N295S","Choi W. et al., 2013",Highly reduced inhibition to Oseltamivir,H1N1,Osong Public Health and Research Perspectives,10.1016/j.phrp.2013.10.005,
333,"NA-1:H275Y, NA-1:I223V, NA-1:N295S","Choi W. et al., 2013",Reduced inhibition to Zanamiriv,H1N1,Osong Public Health and Research Perspectives,10.1016/j.phrp.2013.10.005,
366,"HA1-5:G224S, HA1-5:H103Y, HA1-5:Q222L, HA1-5:T156A, NP:R99K, NP:S345N, PB1:H99Y, PB1:I368V, PB2:E627K","Herfst S. et al., 2012",Transmitted via aerosol among ferrets,H5N1,Science,10.1126/science.1213362,
366,"HA1-5:G224S, HA1-5:H103Y, HA1-5:Q222L, HA1-5:T156A, NP:R99K, NP:S345N, PB1:H99Y, PB1:I368V, PB2:E627K","Suttie A. et al., 2019",Transmitted via aerosol among ferrets,H5N1,Virus Genes,10.1007/s11262-019-01700-z,
367,"HA1-5:S123P, HA2-5:R167K","Yamada S. et al., 2006",Increased virus binding to α2-6,H5N1,Nature,10.1038/nature05264,
367,"HA1-5:S123P, HA2-5:R167K","Suttie A. et al., 2019",Increased virus binding to α2-6,H5N1,Virus Genes,10.1007/s11262-019-01700-z,
368,"HA1-5:A134V, HA1-5:L129V","Auewarakul P. et al., 2007",Increased virus binding to α2-6,H5N1,Journal of Virology,10.1128/jvi.00468-07,
368,"HA1-5:A134V, HA1-5:L129V","Suttie A. et al., 2019",Increased virus binding to α2-6,H5N1,Virus Genes,10.1007/s11262-019-01700-z,
369,"HA1-5:G224S, HA1-5:N182K, HA1-5:Q222L","Chutinimitkul S. et al., 2010",Increased virus binding to α2-6,H5N1,Journal of Virology,10.1128/jvi.02737-09,
369,"HA1-5:G224S, HA1-5:N182K, HA1-5:Q222L","Suttie A. et al., 2019",Increased virus binding to α2-6,H5N1,Virus Genes,10.1007/s11262-019-01700-z,
375,"NA-1:E119V, NA-1:E222V","Soubies S. et al., 2010",Reduced susceptibility to Oseltamivir,H7N9,Journal of Virology,10.1128/jvi.02427-09,
386,"NP:F313Y, NP:L283P, NP:R100I","Mänz B. et al., 2013b",Resistance to human interferon-induced antiviral factor MxA,H5N1,PLoS pathogens,10.1371/journal.ppat.1003279,
387,"NP:F313V, NP:L283P, NP:R100I","Mänz B. et al., 2013b",Resistance to human interferon-induced antiviral factor MxA,H5N1,PLoS pathogens,10.1371/journal.ppat.1003279,
388,"NP:F313Y, NP:L283P, NP:R100V","Mänz B. et al., 2013b",Resistance to human interferon-induced antiviral factor MxA,H5N1,PLoS pathogens,10.1371/journal.ppat.1003279,
389,"NP:F313V, NP:L283P, NP:R100V","Mänz B. et al., 2013b",Resistance to human interferon-induced antiviral factor MxA,H5N1,PLoS pathogens,10.1371/journal.ppat.1003279,
393,"HA1-5:M223L, HA1-5:T183P","Liu K. et al., 2023",Increased virus binding to α2-6,H9N2,Virologica Sinica,10.1016/j.virs.2022.09.006,
393,"HA1-5:M223L, HA1-5:T183P","Liu K. et al., 2023",Enhanced virulence in mice,H9N2,Virologica Sinica,10.1016/j.virs.2022.09.006,
393,"HA1-5:M223L, HA1-5:T183P","Liu K. et al., 2023",Enhanced replication in mice,H9N2,Virologica Sinica,10.1016/j.virs.2022.09.006,
393,"HA1-5:M223L, HA1-5:T183P","Liu K. et al., 2023",Contact transmission in guinea pigs,H9N2,Virologica Sinica,10.1016/j.virs.2022.09.006,
395,"HA1-5:A223E, HA1-5:N194D, NS-1:A53D","Zhu M. et al., 2023",Increased virulence in mice,H1N1,Veterinary Microbiology,10.1016/j.vetmic.2022.109615,
397,"HA1-5:H152N, HA1-5:S260R, PA:I38M","Tan L. et al., 2014",Increased virulence in mice,H6N6,Journal of Virology,10.1128/JVI.01736-14,
400,"HA1-5:A103V, PB2:E627K","Tang S. et al., 2024",Decreased pH of fusion,H6N2,Viruses,10.3390/v16030357,
400,"HA1-5:A103V, PB2:E627K","Tang S. et al., 2024",Increased replication in mammalian cells,H6N2,Viruses,10.3390/v16030357,
400,"HA1-5:A103V, PB2:E627K","Tang S. et al., 2024",Increased virulence in mice,H6N2,Viruses,10.3390/v16030357,
400,"HA1-5:A103V, PB2:E627K","Tang S. et al., 2024",Enhanced replication in guinea pigs,H6N2,Viruses,10.3390/v16030357,
401,"HA1-5:G224S, HA1-5:Q222L, HA1-5:R189M","Eggink D. et al., 2020",Increased virus binding to α2-6,H5N1,Journal of Virology,10.1128/JVI.00195-20,
405,"HA1-5:N220K, HA1-5:Q222L","Eggink D. et al., 2020",Increased virus binding to α2-6,H5N1,Journal of Virology,10.1128/JVI.00195-20,
405,"HA1-5:N220K, HA1-5:Q222L","Imai M. et al., 2012",Increased virus binding to α2-6,H5N1,Nature,10.1038/NATURE10831,
405,"HA1-5:N220K, HA1-5:Q222L","Imai M. et al., 2012",Decreased virus binding to α2-3,H5N1,Nature,10.1038/NATURE10831,
410,"PB2:G590S, PB2:Q591R","Mehle A. et al., 2009",Increased polymerase activity in mammalian cells,H1N1,Proceedings of the National Academy of Sciences,10.1073/pnas.0911915106,
410,"PB2:G590S, PB2:Q591R","Mehle A. et al., 2009",Increased viral replication in mammalian cells,H1N1,Proceedings of the National Academy of Sciences,10.1073/pnas.0911915106,
412,"PA:D347G, PA:S49Y, PB2:S155N","Guo Y. et al., 2023",Increased virulence in mice,H9N2,Veterinary Research,10.1186/s13567-023-01221-6,
412,"PA:D347G, PA:S49Y, PB2:S155N","Guo Y. et al., 2023",Increased viral replication in mammalian cells,H9N2,Veterinary Research,10.1186/s13567-023-01221-6,
412,"PA:D347G, PA:S49Y, PB2:S155N","Guo Y. et al., 2023",Increased polymerase activity in mammalian cells,H9N2,Veterinary Research,10.1186/s13567-023-01221-6,
413,"PB2:A655V, PB2:E543D, PB2:E627V, PB2:K526R","Arai Y. et al., 2019",Increased polymerase activity in mammalian cells,H9N2,PLOS Pathogens,10.1371/journal.ppat.1007919,
413,"PB2:A655V, PB2:E543D, PB2:E627V, PB2:K526R","Arai Y. et al., 2019",Enhanced pathogenicity in mice,H9N2,PLOS Pathogens,10.1371/journal.ppat.1007919,
414,"HA1-5:K301R, M1:R211Q, M1:R95K, NP:V284M, PB2:E627K, PB2:T81I","Sutton T. et al., 2014",Transmitted via aerosol among ferrets,H7N1,Journal of Virology,10.1128/JVI.02765-13,
417,"PB1:H115Q, PB2:E627K","Zhang C. et al., 2021",Transmitted via aerosol among guinea pigs,H7N9,Frontiers in Cellular and Infection Microbiology,10.3389/fcimb.2021.688007,
